firstName,lastName,aveTime,winPercentage,fighterId
Khabib,Nurmagomedov,158.0,100.0,0
Justin,Gaethje,159.31034482758622,83.33333333333334,1
Dustin,Poirier,140.89743589743588,75.0,2
Conor,McGregor,180.44444444444446,78.57142857142857,3
Al,Iaquinta,221.04761904761904,63.63636363636363,4
Edson,Barboza,157.42857142857142,66.66666666666666,5
Michael,Johnson,150.26829268292684,54.761904761904766,6
Darrell,Horcher,242.2,66.66666666666666,7
Rafael,dos,152.83333333333334,65.3061224489796,8
Pat,Healy,103.36206896551724,57.6271186440678,9
Abel,Trujillo,131.82608695652175,62.5,10
Thiago,Tavares,182.65714285714284,66.66666666666666,11
Gleison,Tibau,158.43859649122808,67.24137931034483,12
Kamal,Shalorus,215.53333333333333,56.25,13
Ali,Bagov,119.13333333333334,73.91304347826086,14
Shahbulat,Shamhalaev,117.2,75.0,15
Max,Holloway,156.33333333333334,76.47058823529412,16
Rafael,Fiziev,213.5,80.0,17
Charles,Oliveira,135.33333333333334,76.08695652173914,18
Michael,Chandler,179.96774193548387,71.875,19
Tony,Ferguson,170.2,69.44444444444444,20
Donald,Cerrone,110.83333333333333,65.45454545454545,21
James,Vick,195.22222222222223,68.42105263157895,22
Eddie,Alvarez,162.69230769230768,75.0,23
Luiz,Firmino,229.0,66.66666666666666,24
Brian,Foster,155.02380952380952,69.76744186046511,25
Luis,Palomino,111.83333333333333,60.46511627906976,26
Melvin,Guillard,106.55172413793103,54.23728813559322,27
Nick,Newell,230.21052631578948,80.0,28
Dan,Lauzon,155.54545454545453,73.91304347826086,29
Gesias,Cavalcante,189.19444444444446,59.45945945945946,30
Drew,Fickett,137.53125,66.15384615384615,31
Kevin,Croom,134.13513513513513,57.89473684210527,32
Islam,Makhachev,195.7037037037037,96.42857142857143,33
Benoît,Saint,128.1875,76.47058823529412,34
Dan,Hooker,161.22857142857143,66.66666666666666,35
Anthony,Pettis,149.18421052631578,64.1025641025641,36
Jim,Miller,123.875,66.66666666666666,37
Joseph,Duffy,224.75,76.19047619047619,38
Yancy,Medeiros,237.23076923076923,59.25925925925925,39
Carlos,Diego,209.45833333333334,76.0,40
Akira,Corassani,155.88888888888889,63.1578947368421,41
Diego,Brandão,137.2,56.86274509803921,42
Erik,Koch,218.33333333333334,72.72727272727273,43
Cub,Swanson,173.1860465116279,68.18181818181817,44
Jonathan,Brookins,155.08,61.53846153846154,45
The,Korean,246.125,68.0,46
Pablo,Garza,137.66666666666666,75.0,47
Jason,Young,159.42857142857142,60.0,48
Josh,Grispi,129.72222222222223,73.68421052631578,49
Danny,Castillo,113.84615384615384,62.96296296296296,50
Derrick,Krantz,131.1081081081081,68.42105263157895,51
Nate,Diaz,197.96969696969697,61.76470588235294,52
José,Aldo,184.025,78.04878048780488,53
Chad,Mendes,170.27272727272728,78.26086956521739,54
Dennis,Siver,143.11764705882354,65.71428571428571,55
Marcus,Brimage,374.92857142857144,46.666666666666664,56
Diego,Sanchez,167.51162790697674,68.18181818181817,57
Jorge,Masvidal,142.33333333333334,67.3076923076923,58
Joe,Lauzon,136.14285714285714,65.11627906976744,59
Ross,Pearson,147.35135135135135,52.63157894736842,60
Rodrigo,Damm,186.2,57.14285714285714,61
Mitch,Clarke,251.53333333333333,68.75,62
Piotr,Hallmann,129.75,76.0,63
Ryan,Couture,177.47058823529412,66.66666666666666,64
Michael,Chiesa,215.08333333333334,72.0,65
Will,Martinez,158.30769230769232,71.42857142857143,66
Lerone,Murphy,210.46666666666667,93.75,67
Sodiq,Yusuff,182.4375,76.47058823529412,68
Billy,Quarantillo,180.0,72.0,69
Bryce,Mitchell,200.27777777777777,89.47368421052632,70
Giga,Chikadze,174.66666666666666,78.94736842105263,71
Shane,Burgos,184.0,76.19047619047619,72
Makwan,Amirkhani,185.0,62.06896551724138,73
Dan,Ige,145.65384615384616,66.66666666666666,74
Paul,Felder,148.27272727272728,73.91304347826086,75
Kevin,Lee,169.03703703703704,71.42857142857143,76
Beneil,Dariush,183.03571428571428,75.86206896551724,77
Gilbert,Melendez,210.51724137931035,73.33333333333333,78
Evan,Dunham,177.85185185185185,64.28571428571429,79
Rafaello,Oliveira,140.08333333333334,68.0,80
Lucas,Martins,159.57142857142858,75.86206896551724,81
Jamie,Varner,125.8529411764706,60.0,82
Terry,Etim,155.8,76.19047619047619,83
Anthony,Njokuani,230.57575757575756,52.94117647058824,84
Ottman,Azaitar,256.2,81.25,85
Marc,Diakiese,167.125,72.0,86
Jamie,Mullarkey,160.125,68.0,87
Alan,Patrick,271.05263157894734,75.0,88
Clay,Guida,125.88709677419355,60.317460317460316,89
Thiago,Moisés,177.69230769230768,70.37037037037037,90
Josh,Emmett,202.36363636363637,82.6086956521739,91
Artem,Lobov,96.86666666666666,45.16129032258064,92
Andre,Fili,154.19444444444446,64.86486486486487,93
Darren,Elkins,166.10256410256412,72.5,94
Reza,Madadi,205.26315789473685,70.0,95
Myles,Jury,203.29166666666666,76.0,96
Shane,Roller,107.88235294117646,61.111111111111114,97
Paul,Sass,151.06666666666666,87.5,98
Edward,Faaloloto,226.5,28.57142857142857,99
Clay,French,138.64,73.07692307692307,100
James,Krause,134.5142857142857,77.77777777777779,101
Olivier,Aubin-Mercier,176.68,80.76923076923077,102
Roosevelt,Roberts,170.47058823529412,66.66666666666666,103
Scott,Holtzman,207.8421052631579,70.0,104
Devin,Powell,222.92857142857142,66.66666666666666,105
Phillipe,Nover,260.8421052631579,55.00000000000001,106
E.J.,Brooks,200.3684210526316,70.0,107
Geoff,Neal,211.66666666666666,72.72727272727273,108
Mateusz,Gamrot,169.59259259259258,85.71428571428571,109
Vicente,Luque,170.96969696969697,67.64705882352942,110
Bryan,Barberena,181.75862068965517,60.0,111
Renato,Moicano,206.03846153846155,74.07407407407408,112
Leon,Edwards,184.65384615384616,81.48148148148148,113
Kamaru,Usman,172.91304347826087,83.33333333333334,114
Colby,Covington,223.33333333333334,77.27272727272727,115
Robbie,Lawler,176.67391304347825,63.829787234042556,116
Neil,Magny,127.02439024390245,69.04761904761905,117
Tarec,Saffiedine,169.5909090909091,69.56521739130434,118
Benson,Henderson,145.26829268292684,71.42857142857143,119
Jason,High,185.23333333333332,74.19354838709677,120
Mark,Bocek,231.25,70.58823529411765,121
George,Sotiropoulos,321.95238095238096,63.63636363636363,122
Rob,Emerson,195.38888888888889,56.75675675675676,123
Tyson,Griffin,208.625,68.0,124
Jeremy,Stephens,130.52,56.86274509803921,125
Takafumi,Otsuka,111.51020408163265,57.99999999999999,126
Johil,de,258.70588235294116,48.57142857142857,127
Brendan,Loughnane,150.57142857142858,83.33333333333334,128
Rick,Hawn,201.0,80.76923076923077,129
Ricardo,Tirloni,188.93548387096774,75.0,130
Kurt,Holobaugh,168.24137931034483,70.0,131
Mizuto,Hirota,176.16666666666666,58.06451612903226,132
Caros,Fodor,179.75,64.70588235294117,133
Maximo,Blanco,140.14285714285714,54.54545454545454,134
Eric,Wisely,116.5813953488372,77.27272727272727,135
Lyle,Beerbohm,89.62962962962963,89.28571428571429,136
Josh,Thomson,189.51612903225808,68.75,137
TJ,Waldburger,125.41666666666667,64.0,138
Ryan,Ford,198.6551724137931,80.0,139
Jake,Ellenberger,108.57777777777778,67.3913043478261,140
Mike,Guymon,252.23809523809524,68.18181818181817,141
Rory,Markham,206.5,73.91304347826086,142
Carlos,Condit,152.93333333333334,69.56521739130434,143
Tiki,Ghosn,235.11764705882354,55.55555555555556,144
Chris,Wilson,126.53571428571429,62.06896551724138,145
Carlo,Prater,129.85,57.377049180327866,146
Jay,Hieron,121.10344827586206,76.66666666666667,147
Paul,Daley,111.1774193548387,68.25396825396825,148
Chris,Lytle,86.13207547169812,57.407407407407405,149
Dan,Hardy,86.77142857142857,69.44444444444444,150
Dave,Strasser,120.55555555555556,67.56756756756756,151
Brad,Blackburn,117.46875,54.54545454545454,152
Denis,Kang,97.5,63.63636363636363,153
John,Makdessi,210.57692307692307,66.66666666666666,154
Jordan,Rinaldi,161.75,66.66666666666666,155
Tony,Sims,190.46666666666667,75.0,156
Roger,Bowling,189.72222222222223,63.1578947368421,157
Marcus,LeVesseur,125.0,75.86206896551724,158
James,Edson,126.96551724137932,56.666666666666664,159
Alonzo,Martinez,86.93548387096774,63.49206349206349,160
Scott,Cleve,113.95,71.42857142857143,161
Rashid,Magomedov,161.03125,75.75757575757575,162
Brian,Ortega,262.8,76.19047619047619,163
Robbie,Peralta,147.71428571428572,65.51724137931035,164
Justin,Salas,199.11111111111111,63.1578947368421,165
Sam,Stout,139.375,60.60606060606061,166
Spencer,Fisher,112.40625,72.72727272727273,167
Nik,Lentz,128.5681818181818,66.66666666666666,168
Kurt,Pellegrino,153.36363636363637,69.56521739130434,169
Matt,Wiman,238.28,61.53846153846154,170
Michihiro,Omigawa,180.11764705882354,54.285714285714285,171
Jason,Black,100.29629629629629,82.14285714285714,172
Naoyuki,Kotani,134.327868852459,59.67741935483871,173
Daniel,Weichel,139.35714285714286,73.68421052631578,174
Alexey,Kunchenko,156.07407407407408,82.14285714285714,175
Magomed,Magomedkerimov,139.3,85.36585365853658,176
Rory,MacDonald,186.24242424242425,67.64705882352942,177
Efraín,Escudero,129.625,65.3061224489796,178
Desmond,Green,114.8125,75.75757575757575,179
Norman,Parke,163.6,78.04878048780488,180
John,Cholish,205.8,72.72727272727273,181
Francisco,Trinaldo,172.7027027027027,76.31578947368422,182
Caol,Uno,162.40983606557376,54.83870967741935,183
Josh,Neer,90.15384615384616,67.9245283018868,184
Rich,Clementi,75.02941176470588,65.21739130434783,185
Joe,Stevenson,131.52083333333334,67.3469387755102,186
Jason,Dent,96.1470588235294,62.857142857142854,187
Nick,Diaz,198.1081081081081,68.42105263157895,188
Fabrício,Camões,275.2608695652174,58.333333333333336,189
Adriano,Martins,173.57142857142858,67.44186046511628,190
Eiji,Mitsuoka,145.25,62.06896551724138,191
Thiago,Alves,182.0,60.526315789473685,193
Shinya,Aoki,124.91525423728814,80.0,194
Eduard,Folayang,169.6,63.888888888888886,195
Bart,Palaszewski,78.73076923076923,67.9245283018868,196
Dave,Jansen,137.52173913043478,83.33333333333334,197
Will,Kerr,182.54545454545453,75.0,198
Mike,Bronzoulis,136.5,62.06896551724138,199
Elias,Silvério,154.67741935483872,62.5,200
Abdul-Aziz,Abdulvakhabov,219.45454545454547,91.30434782608695,201
Bubba,Jenkins,158.3448275862069,70.0,202
Eduard,Vartanyan,160.0,86.66666666666667,203
Magomedrasul,Khasbulaev,112.0,80.95238095238095,204
Sergey,Golyaev,141.3030303030303,67.64705882352942,205
Ramazan,Emeev,206.88888888888889,78.57142857142857,206
Pat,Curran,135.93548387096774,71.875,207
Rad,Martinez,132.52941176470588,83.33333333333334,208
Mike,Richman,140.84,69.23076923076923,209
Ilia,Topuria,232.86666666666667,100.0,210
Alexander,Volkanovski,147.9655172413793,86.66666666666667,211
Yair,Rodríguez,198.91666666666666,76.0,212
Calvin,Kattar,207.96774193548387,71.875,213
Frankie,Edgar,180.97142857142856,66.66666666666666,214
Ricardo,Lamas,170.37037037037038,71.42857142857143,215
Cole,Miller,131.71875,63.63636363636363,216
Clay,Collard,125.43589743589743,62.5,217
Dennis,Bermudez,134.44,65.38461538461539,218
Leonard,Garcia,183.09677419354838,56.25,219
Justin,Lawrence,179.13333333333333,68.75,220
Brad,Riddell,258.53846153846155,71.42857142857143,221
Alex,White,217.42105263157896,70.0,222
Magomed,Mustafaev,201.375,82.35294117647058,223
Arman,Tsarukyan,130.125,88.0,224
Jared,Gordon,180.96296296296296,71.42857142857143,225
David,Teymur,214.66666666666666,80.0,226
Christos,Giagos,162.83870967741936,62.5,227
Hatsu,Hioki,137.83333333333334,67.44186046511628,228
Andy,Ogle,137.42857142857142,60.0,229
Alexandre,Bezerra,146.21428571428572,75.86206896551724,230
Mehdi,Baghdad,290.22222222222223,63.1578947368421,231
Viscardi,Andrade,183.1290322580645,65.625,232
Sidney,Outlaw,178.16666666666666,76.0,233
Patrício,Pitbull,174.23809523809524,83.72093023255815,234
Brent,Primus,272.63157894736844,75.0,235
Brandon,Girtz,182.76,61.53846153846154,236
Goiti,Yamauchi,142.97142857142856,80.55555555555556,237
David,Rickels,124.25,72.41379310344827,238
Derek,Campos,169.80645161290323,62.5,239
Akihiro,Gono,157.27941176470588,53.62318840579711,240
Lloyd,Woodard,256.1363636363636,65.21739130434783,241
Marcin,Held,151.97435897435898,75.0,242
Paddy,Pimblett,179.25,88.0,243
Lando,Vannata,199.5,57.14285714285714,244
Katsunori,Kikuno,117.21212121212122,70.58823529411765,245
Mike,Rio,169.42857142857142,66.66666666666666,246
Yves,Edwards,95.93846153846154,63.63636363636363,247
Aaron,Riley,133.02272727272728,66.66666666666666,248
Ramsey,Nijem,269.5,52.63157894736842,249
Karen,Darabedyan,215.89473684210526,70.0,250
Joe,Schilling,474.44444444444446,40.0,251
Alex,Morono,144.65714285714284,66.66666666666666,252
Niko,Price,184.84,61.53846153846154,253
Alexander,Hernandez,198.54545454545453,65.21739130434783,254
Mike,Perry,114.66666666666667,63.63636363636363,255
Darren,Till,155.52173913043478,75.0,256
Matt,Brown,153.0,55.81395348837209,257
Rick,Story,133.36666666666667,67.74193548387096,258
Patrick,Côté,159.6969696969697,67.64705882352942,259
Vagner,Rocha,172.05882352941177,77.77777777777779,260
Paul,Kelly,280.7894736842105,75.0,261
Chris,Horodecki,143.3448275862069,70.0,262
Ed,Ratcliff,209.77777777777777,70.0,263
Rob,McCullough,140.07692307692307,70.37037037037037,264
Ryan,Roberts,110.55882352941177,60.0,265
Nate,Mohr,142.33333333333334,56.25,266
André,Fialho,143.32,61.53846153846154,267
Polo,Reyes,230.31578947368422,55.00000000000001,268
Jake,Matthews,167.77777777777777,75.0,269
Nick,Hein,188.6315789473684,70.0,270
Ok,Rae-yoon,176.28571428571428,72.72727272727273,271
Timofey,Nastyukhin,233.9047619047619,63.63636363636363,272
Roger,Huerta,198.15384615384616,60.0,273
Toby,Imada,116.35416666666667,61.224489795918366,274
Eric,Reynolds,117.77777777777777,64.28571428571429,275
Tatsuya,Kawajiri,136.96153846153845,69.81132075471697,276
Joachim,Hansen,161.78378378378378,60.526315789473685,277
André,Amado,205.3,54.54545454545454,278
Nick,Thompson,56.53846153846154,71.69811320754717,279
Seichi,Ikemoto,112.04545454545455,46.666666666666664,280
Jacob,Volkmann,130.72,73.07692307692307,281
John,Alessio,117.90566037735849,64.81481481481481,282
Ryan,Healy,117.53846153846153,62.5,283
Kazuyuki,Miyata,214.75,64.0,284
Luiz,Azeredo,211.29166666666666,60.0,285
Masakazu,Imanari,135.68253968253967,62.5,286
Hiroyuki,Abe,197.92307692307693,29.629629629629626,287
Kohei,Yasumi,198.64285714285714,40.0,288
Cliff,Wright,166.21875,36.36363636363637,289
Jon,Fitch,158.0,74.4186046511628,290
LaRue,Burley,226.92857142857142,73.33333333333333,291
Jake,Shields,154.15555555555557,71.73913043478261,292
Daniel,Roberts,132.71428571428572,68.18181818181817,293
Forrest,Petz,118.77142857142857,72.22222222222221,294
Brock,Larson,95.23529411764706,80.76923076923077,295
Nathan,Coy,164.66666666666666,68.18181818181817,296
Steve,Carl,149.59259259259258,78.57142857142857,297
Sheymon,Moraes,216.61904761904762,72.72727272727273,298
Justin,Gaethje,159.31034482758622,83.33333333333334,299
Jorge,Patino,167.86885245901638,62.903225806451616,300
Charles,Bennett,116.78205128205128,39.24050632911392,301
Daron,Cruickshank,116.70270270270271,60.526315789473685,302
Takanori,Gomi,140.86274509803923,69.23076923076923,303
Israel,Adesanya,167.75,82.75862068965517,304
Muslim,Salikhov,194.92,80.76923076923077,305
Chidi,Njokuani,182.0,68.57142857142857,306
Mac,Danzig,170.02941176470588,62.857142857142854,307
Waylon,Lowe,151.375,64.0,308
Gabe,Ruediger,155.12,69.23076923076923,309
Marcus,Davis,196.0,65.71428571428571,310
John,Gunderson,82.92307692307692,66.0377358490566,311
Isaac,Vallie-Flagg,206.6086956521739,66.66666666666666,312
Justin,Wilcox,142.95238095238096,63.63636363636363,313
Vítor,Ribeiro,137.625,80.0,314
Nam,Phan,152.2972972972973,55.26315789473685,315
Rani,Yahya,192.58536585365854,66.66666666666666,316
Hiroyuki,Takaya,143.1578947368421,58.97435897435898,317
Hidetaka,Monma,143.84375,54.54545454545454,318
Ryan,Schultz,103.08108108108108,60.526315789473685,319
Andre,Winner,146.97222222222223,59.45945945945946,320
Kevin,Knabjian,170.3684210526316,60.0,321
Matt,Veach,180.28571428571428,77.27272727272727,322
Tyler,Stinson,157.525,75.60975609756098,323
Ferrid,Kheder,88.03030303030303,64.70588235294117,324
Jesse,Taylor,124.12244897959184,66.0,325
Mark,Weir,119.15384615384616,52.5,326
Anthony,Lapsley,186.53125,69.6969696969697,327
Keita,Nakamura,149.36,70.58823529411765,328
Karo,Parisyan,189.52777777777777,64.86486486486487,329
Josh,Koscheck,177.59259259259258,60.71428571428571,330
Kenny,Florian,167.26315789473685,70.0,331
Dennis,Hallman,94.98666666666666,69.73684210526315,332
Edwin,Dewees,94.55357142857143,66.66666666666666,333
Alateng,Heili,143.07407407407408,60.71428571428571,334
Brian,Kelleher,125.12820512820512,60.0,335
Alex,Caceres,157.36111111111111,56.75675675675676,336
John,Macapá,163.05128205128204,67.5,337
Darrick,Minner,94.23076923076923,65.0,338
Matt,Bessette,146.17142857142858,69.44444444444444,339
Rasul,Mirzaev,243.13636363636363,82.6086956521739,340
Bryan,Goldsby,81.8125,51.515151515151516,341
Yaotzin,Meza,137.03030303030303,64.70588235294117,342
Drew,Dober,133.3658536585366,64.28571428571429,343
Davi,Ramos,289.22222222222223,63.1578947368421,344
Kajan,Johnson,163.45945945945945,60.526315789473685,345
Chris,Wade,133.65625,69.6969696969697,346
Mansour,Barnaoui,186.37037037037038,78.57142857142857,347
Matt,Frevola,225.3125,64.70588235294117,348
Niklas,Stolze,187.28571428571428,63.63636363636363,349
Elizeu,Zaleski,166.06060606060606,73.52941176470588,350
Jalin,Turner,141.66666666666666,63.63636363636363,351
Claudio,Puelles,258.26666666666665,75.0,352
Nasrat,Haqparast,202.6818181818182,78.26086956521739,353
Gilbert,Burns,158.82758620689654,73.33333333333333,354
Jason,Knight,178.41935483870967,71.875,355
Mark,Eddiva,453.375,66.66666666666666,356
Raush,Manfio,206.7391304347826,70.83333333333334,358
Stephen,Thompson,214.24,65.38461538461539,359
Alex,Karalexis,203.86666666666667,62.5,360
Damon,Jackson,138.6875,69.6969696969697,361
Gabriel,Benítez,179.94117647058823,65.71428571428571,362
Joe,Solecki,166.44444444444446,68.42105263157895,363
Vinc,Pichel,316.2352941176471,77.77777777777779,364
Duane,Ludwig,135.88235294117646,60.0,366
Gray,Maynard,216.71428571428572,59.09090909090909,367
David,Baron,248.0,77.27272727272727,368
Anthony,Morrison,151.15625,60.60606060606061,369
Kevin,Roddy,119.84375,45.45454545454545,370
Joel,Álvarez,166.83333333333334,88.0,371
Ivan,Jorge,173.14705882352942,77.14285714285715,372
Jake,Lindsey,167.68,57.692307692307686,373
Emmanuel,Sanchez,146.75,66.66666666666666,374
Damir,Hadžović,264.6666666666667,63.63636363636363,375
Gregor,Gillespie,190.07142857142858,93.33333333333333,376
Erick,Silva,165.51612903225808,62.5,377
Sean,Spencer,188.16666666666666,63.1578947368421,378
Joe,Proctor,211.4,68.75,379
Rustam,Khabilov,165.96296296296296,85.71428571428571,380
Raul,Castillo,462.0,87.5,381
Grant,Dawson,152.0,88.46153846153845,382
Mairbek,Taisumov,143.0625,81.81818181818183,383
Kyle,Nelson,207.13636363636363,69.56521739130434,384
Colton,Smith,231.72727272727272,58.333333333333336,385
Sam,Sicilia,181.92857142857142,62.06896551724138,386
Vener,Galiev,150.19607843137254,69.23076923076923,387
Satoru,Kitaoka,105.98765432098766,54.87804878048781,388
Murad,Machaev,143.25,88.0,389
Jimy,Hettes,164.30769230769232,78.57142857142857,390
Daniel,Pineda,136.14893617021278,58.333333333333336,391
Raphael,Assunção,188.83783783783784,73.68421052631578,392
Francisco,Rivera,207.3448275862069,53.333333333333336,393
Bendy,Casimir,157.56756756756758,55.26315789473685,394
Jameel,Massouh,67.70588235294117,74.28571428571429,395
Hakeem,Dawodu,203.47058823529412,72.22222222222221,396
Jonathan,Martinez,163.91666666666666,76.0,397
Kron,Gracie,519.5714285714286,62.5,398
Hacran,Dias,178.6153846153846,67.5,399
George,Roop,130.03571428571428,51.724137931034484,400
Mackens,Semerzier,126.0,61.53846153846154,401
John,Franchi,158.0,75.0,402
Donny,Walker,133.91666666666666,60.0,403
Jens,Pulver,115.80434782608695,57.446808510638306,404
Charlie,Valencia,225.94444444444446,63.1578947368421,405
Shannon,Gugerty,139.0,68.18181818181817,406
Mike,Corey,205.625,76.47058823529412,407
Tom,Niinimäki,169.86666666666667,70.96774193548387,408
Shintaro,Ishiwatari,146.8684210526316,66.66666666666666,409
Yosdenis,Cedeno,202.66666666666666,57.89473684210527,410
Yves,Jabouin,173.86666666666667,64.51612903225806,411
Mark,Hominick,122.83870967741936,62.5,412
Masanori,Kanehara,151.1304347826087,61.702127659574465,413
Zhang,Tiequan,142.27777777777777,78.94736842105263,414
Sergej,Grecicho,138.5,67.56756756756756,415
Charlie,Brenneman,102.3076923076923,70.37037037037037,416
Tim,Means,147.27450980392157,63.46153846153846,417
Shamar,Bailey,113.92307692307692,59.25925925925925,418
Phil,Cardella,238.0,61.53846153846154,419
Song,Kenan,127.66666666666667,70.96774193548387,420
Charles,Byrd,253.75,58.82352941176471,422
Andrey,Koreshkov,156.15625,84.84848484848484,423
Brian,Melancon,186.33333333333334,70.0,424
Todd,Moore,148.22727272727272,69.56521739130434,425
Adam,Schindler,116.13333333333334,62.5,426
Alvin,Robinson,170.3913043478261,62.5,427
Mario,Bautista,168.75,88.23529411764706,428
Merab,Dvalishvili,182.36363636363637,82.6086956521739,429
Rob,Font,166.55172413793105,73.33333333333333,430
Pedro,Munhoz,184.03225806451613,62.5,431
Marlon,Vera,155.27272727272728,67.64705882352942,432
Petr,Yan,164.8181818181818,78.26086956521739,433
Marlon,Moraes,163.86111111111111,62.16216216216216,434
Urijah,Faber,130.57777777777778,76.08695652173914,435
Mike,Brown,132.97058823529412,74.28571428571429,436
Rolando,Perez,275.0769230769231,50.0,437
Alexandre,Franca,224.96153846153845,66.66666666666666,438
Fábio,Mello,303.6666666666667,57.89473684210527,439
Phil,Harris,111.77142857142857,61.111111111111114,440
Cody,McKenzie,196.4814814814815,60.71428571428571,441
Steven,Siler,109.01694915254237,55.00000000000001,443
B.J.,Penn,212.29032258064515,50.0,444
Charles,Rosa,171.76923076923077,70.37037037037037,445
Diego,Nunes,223.1764705882353,71.42857142857143,446
Dale,Hartt,251.875,66.66666666666666,447
Jess,Liaudin,139.56666666666666,64.51612903225806,448
Jim,Wallhead,149.88636363636363,73.33333333333333,449
Kyle,Bochniak,180.76470588235293,61.111111111111114,450
Jimmie,Rivera,168.55555555555554,82.14285714285714,451
Cody,Garbrandt,217.0,70.0,452
Zhumabek,Tursyn,158.21212121212122,67.64705882352942,453
Russell,Doane,238.04166666666666,68.0,454
Michel,Pereira,106.47727272727273,68.88888888888889,455
Mickey,Gall,252.53846153846155,50.0,456
Martin,Kampmann,147.96153846153845,74.07407407407408,457
Paulo,Thiago,182.17241379310346,63.33333333333333,458
John,Hathaway,310.05,85.71428571428571,459
Luigi,Fioravanti,115.125,63.41463414634146,460
David,Bielkheden,167.81578947368422,66.66666666666666,461
Joe,Riggs,96.1159420289855,70.0,462
Brian,Gassaway,100.72549019607843,55.769230769230774,463
Jorge,Santiago,109.27777777777777,67.56756756756756,464
Ben,Askren,186.33333333333334,86.36363636363636,466
Demian,Maia,189.57894736842104,71.7948717948718,467
Lorenz,Larkin,152.83333333333334,72.97297297297297,468
Cezar,Ferreira,242.875,56.00000000000001,469
K.J.,Noons,221.13636363636363,56.52173913043478,470
Billy,Evangelista,192.5,76.47058823529412,471
Nick,Agallar,141.68965517241378,80.0,472
Tae,Hyun,164.11111111111111,64.28571428571429,473
Steve,Berger,112.95652173913044,42.5531914893617,474
Keith,Wisniewski,130.48837209302326,63.63636363636363,475
Rolando,Delgado,211.0,61.111111111111114,476
Jonathan,Pearce,181.3,66.66666666666666,477
Chris,Gruetzemacher,253.10526315789474,75.0,478
Curt,Warburton,203.31578947368422,70.0,479
Ivan,Menjivar,132.80555555555554,67.56756756756756,481
Chad,Laprise,192.9375,76.47058823529412,482
Antonio,Carvalho,191.45,71.42857142857143,483
John,Maguire,127.65789473684211,66.66666666666666,484
Anton,Kuivanen,150.5,66.66666666666666,485
Haim,Gozali,433.8,71.42857142857143,486
Saad,Awad,152.5,58.97435897435898,487
Dakota,Cochrane,96.6304347826087,72.3404255319149,488
Joe,Duarte,221.23076923076923,71.42857142857143,489
Conor,Heun,163.23076923076923,64.28571428571429,490
Matt,Ricehouse,155.16666666666666,85.71428571428571,491
Kevin,Holland,91.8974358974359,65.0,492
Sean,Brady,216.58823529411765,94.44444444444444,493
Joshua,Culibao,206.86666666666667,68.75,494
Douglas,Silva,178.42857142857142,80.55555555555556,495
Ricardo,Ramos,203.0,70.83333333333334,496
Zubaira,Tukhugov,181.6153846153846,74.07407407407408,497
Diego,Lopes,141.58064516129033,81.25,498
Mike,Davis,268.7692307692308,78.57142857142857,499
Youssef,Zalal,124.4090909090909,73.91304347826086,500
Gavin,Tucker,303.3333333333333,81.25,501
Spike,Carlyle,123.55,71.42857142857143,502
Khama,Worthy,149.8,64.51612903225806,503
Matt,Sayles,262.8181818181818,66.66666666666666,504
Bobby,Moffett,154.82608695652175,70.83333333333334,505
Omar,Morales,295.0,73.33333333333333,506
Jamall,Emmers,155.2962962962963,71.42857142857143,508
Brandon,Davis,139.7037037037037,53.57142857142857,509
Charles,Jourdain,128.625,64.0,510
Godofredo,Pepey,315.4761904761905,63.63636363636363,511
Tiago,Trator,150.53125,66.66666666666666,512
Bill,Algeo,170.46153846153845,66.66666666666666,513
Jack,Shore,166.52631578947367,85.0,514
Mike,Grundy,182.93333333333334,75.0,515
Danny,Henry,211.46666666666667,75.0,516
Chris,Fishgold,207.08333333333334,72.0,517
Mike,Wilkinson,270.3076923076923,64.28571428571429,518
Tom,Duquesnoy,123.66666666666667,84.21052631578947,519
Nate,Landwehr,197.8695652173913,75.0,520
Movsar,Evloev,203.61111111111111,100.0,521
Mirsad,Bektić,208.6875,76.47058823529412,522
Kevin,Aguilar,181.71428571428572,77.27272727272727,523
Jordan,Griffin,160.31034482758622,60.0,524
Mike,Santiago,107.0,61.111111111111114,525
Julio,Arce,178.25,76.0,526
Jason,Saggo,210.9375,76.47058823529412,527
Rinat,Fakhretdinov,173.375,92.0,528
Daniel,Rodriguez,154.9090909090909,78.26086956521739,529
Leonardo,Santos,306.5416666666667,72.0,530
James,Moontasri,233.23076923076923,64.28571428571429,531
Michel,Prazeres,269.40625,81.81818181818183,532
Jon,Tuck,313.73333333333335,68.75,533
Jesse,Ronson,136.65,68.29268292682927,534
Kyle,Prepolec,228.48,69.23076923076923,535
J.P.,Reese,78.25,52.38095238095239,536
Drakkar,Klose,217.0,78.94736842105263,537
Frank,Camacho,193.96774193548387,68.75,538
Mitsuhiro,Ishida,136.25,68.96551724137932,539
Tetsuji,Kato,159.9655172413793,66.66666666666666,540
Rumina,Sato,150.5,57.77777777777777,541
Naoya,Uematsu,167.0,60.0,542
Jeff,Hougland,251.6,62.5,543
Herbert,Burns,284.875,64.70588235294117,544
Sean,Sherk,102.9,87.8048780487805,545
Per,Eklund,174.68421052631578,70.0,546
Cleber,Luciano,382.8125,70.58823529411765,547
Jeremy,Larsen,194.92307692307693,57.14285714285714,548
Marcus,Hicks,325.42857142857144,66.66666666666666,549
Renée,Forte,268.72727272727275,66.66666666666666,550
Justin,Buchholz,186.03846153846155,59.25925925925925,551
Matt,Grice,142.21052631578948,75.0,552
Leonardo,Mafra,199.66666666666666,68.18181818181817,553
Josh,Quayhagen,135.07692307692307,64.28571428571429,554
Maciej,Jewtuszko,392.7647058823529,72.22222222222221,555
Teemu,Packalén,250.6,72.72727272727273,556
Rafael,Alves,183.59375,63.63636363636363,557
Frankie,Perez,182.0,73.33333333333333,558
Muhammad,Naimov,163.14285714285714,80.0,559
Devonte,Smith,168.0,73.33333333333333,560
Farès,Ziam,186.2,80.95238095238095,561
Mason,Jones,145.64705882352942,83.33333333333334,562
Damien,Brown,109.51612903225806,59.375,563
Garett,Whiteley,182.77777777777777,70.0,564
Chase,Hooper,145.44444444444446,78.94736842105263,565
Joaquim,Silva,291.1764705882353,72.22222222222221,566
Rafa,García,202.61111111111111,78.94736842105263,567
Mark,Madsen,284.46153846153845,85.71428571428571,568
Din,Thomas,150.85714285714286,72.22222222222221,569
Ľudovít,Klein,132.22222222222223,82.14285714285714,570
Benoît,Saint,128.1875,76.47058823529412,571
Damir,Ismagulov,129.5,89.65517241379311,572
Felipe,Arantes,124.1,58.06451612903226,573
Teruto,Ishihara,179.21428571428572,48.275862068965516,574
Chris,Avila,171.9375,47.05882352941176,575
Nathaniel,Wood,167.44,76.92307692307693,576
T.J.,Brown,131.8709677419355,62.5,577
Tristan,Connelly,209.22727272727272,60.86956521739131,578
Luiz,Eduardo,191.22222222222223,78.94736842105263,579
Chas,Skelly,214.77272727272728,82.6086956521739,580
Gideon,Ray,146.1875,51.515151515151516,581
Yan,Cabral,352.88235294117646,83.33333333333334,582
Cristiano,Marcello,320.8333333333333,68.42105263157895,583
Georgi,Karakhanyan,126.6086956521739,65.95744680851064,584
Mike,Ricci,195.46666666666667,68.75,585
Chris,Saunders,123.6086956521739,66.66666666666666,586
Sam,Oropeza,155.86666666666667,81.25,587
Mike,Budnik,127.6470588235294,77.77777777777779,588
Kiichi,Kunimoto,208.3030303030303,58.82352941176471,589
Cláudio,Silva,315.8235294117647,77.77777777777779,590
Trevin,Giles,178.54545454545453,69.56521739130434,591
Sérgio,Moraes,243.61904761904762,63.63636363636363,592
Warlley,Alves,228.0952380952381,63.63636363636363,593
Felipe,Silva,226.53846153846155,64.28571428571429,594
Tony,Hervey,123.33333333333333,45.94594594594595,595
Natan,Schulte,140.36666666666667,80.64516129032258,596
Thibault,Gouti,197.1304347826087,70.83333333333334,597
David,Michaud,169.65217391304347,75.0,598
Ignacio,Bahamondes,161.66666666666666,77.27272727272727,599
Brok,Weaver,130.13636363636363,73.91304347826086,600
Michael,McBride,172.3,72.72727272727273,601
Cody,Pfister,198.19230769230768,59.25925925925925,602
Jesus,Pinedo,130.41379310344828,76.66666666666667,603
Renan,Barão,146.7391304347826,76.59574468085107,605
Yui,Chul,234.6206896551724,66.66666666666666,606
Abner,Lloveras,195.02702702702703,57.89473684210527,607
Ron,Stallings,239.47826086956522,62.5,608
Logan,Storley,179.66666666666666,84.21052631578947,609
Ian,Machado,141.4,93.75,610
Shavkat,Rakhmonov,205.77777777777777,100.0,611
Santiago,Ponzinibbio,162.7027027027027,78.94736842105263,612
Brian,Camozzi,168.0909090909091,58.333333333333336,613
Kleber,Koike,141.38095238095238,79.06976744186046,614
Themba,Gorimbo,232.94444444444446,73.68421052631578,615
Tyron,Woodley,170.42307692307693,70.37037037037037,617
Randy,Brown,160.75,76.0,618
Héctor,Urbina,145.5,58.620689655172406,619
Hayder,Hassan,303.6923076923077,64.28571428571429,620
Michael,Graves,236.41666666666666,76.92307692307693,621
Gerald,Meerschaert,120.55555555555556,67.27272727272727,622
Makhmud,Muradov,130.44444444444446,75.67567567567568,623
Gunnar,Nelson,241.5,76.0,624
Sage,Northcutt,235.85714285714286,80.0,625
Jai,Herbert,189.77777777777777,68.42105263157895,626
Iliarde,Santos,90.3125,65.3061224489796,627
Peter,Sobotta,239.75,68.0,628
Albert,Tumenov,188.75862068965517,80.0,629
Seth,Baczynski,150.4102564102564,55.00000000000001,630
Khamzat,Chimaev,180.3846153846154,100.0,631
Emil,Weber,262.5,58.82352941176471,632
Sean,Strickland,176.22857142857143,80.55555555555556,633
Jonathan,Meunier,226.1,81.81818181818183,634
Mike,Pyle,163.0487804878049,64.28571428571429,635
Jason,Jackson,201.77272727272728,78.26086956521739,636
Johny,Hendricks,147.6,69.23076923076923,637
Bobby,Voelker,121.68085106382979,70.83333333333334,638
Adlan,Amagov,199.625,82.35294117647058,639
Tim,Kennedy,242.6086956521739,75.0,640
Ronaldo,Souza,179.27777777777777,70.27027027027027,641
Matt,Lindland,173.63333333333333,70.96774193548387,642
Renato,Sobral,119.66666666666667,75.51020408163265,643
Melvin,Manhoef,193.88235294117646,61.53846153846154,644
Scott,Smith,183.9655172413793,60.0,645
Murilo,Rua,135.9090909090909,58.82352941176471,646
Joey,Villaseñor,126.1842105263158,74.35897435897436,647
Jason,Miller,160.75757575757575,67.64705882352942,648
Falaniko,Vitale,136.5,73.17073170731707,649
Evan,Tanner,104.82051282051282,80.0,650
Pete,Spratt,143.08333333333334,51.02040816326531,651
Saburo,Kawakatsu,324.4166666666667,38.46153846153847,652
Carlos,Prates,177.69230769230768,77.77777777777779,653
Michael,Morales,160.125,100.0,654
Mike,Malott,380.6923076923077,78.57142857142857,655
Philip,Rowe,251.5,66.66666666666666,656
Li,Jingliang,228.7037037037037,67.85714285714286,657
Kelvin,Gastelum,198.75,65.51724137931035,658
William,Macário,260.2352941176471,61.111111111111114,659
Alex,Garcia,174.6818181818182,65.21739130434783,660
Gasan,Umalatov,153.2,69.23076923076923,661
Nate,Marquardt,144.2982456140351,62.06896551724138,662
Nate,Moore,234.0909090909091,66.66666666666666,663
James,Terry,159.13333333333333,64.51612903225806,664
Usman,Nurmagomedov,150.6315789473684,95.0,665
Adam,Piccolotti,194.2,71.42857142857143,667
Brandon,Thatch,208.13333333333333,68.75,668
James,Head,205.08333333333334,69.23076923076923,669
Quinn,Mulhern,114.33333333333333,81.81818181818183,670
Rudy,Bears,112.9,51.61290322580645,671
Hayato,Sakurai,142.17307692307693,71.69811320754717,672
Jordan,Mein,148.65217391304347,68.08510638297872,673
Marius,Žaromskis,259.02941176470586,65.71428571428571,674
André,Galvão,128.33333333333334,71.42857142857143,675
Yuya,Shirai,110.92682926829268,61.904761904761905,676
Kevin,Burns,128.33333333333334,63.1578947368421,677
Dustin,Hazelett,124.44444444444444,63.1578947368421,678
Doug,Evans,201.7391304347826,54.166666666666664,679
Roman,Mitichyan,477.9,72.72727272727273,680
Kyle,Noke,159.71875,66.66666666666666,681
Raufeon,Stots,155.9090909090909,91.30434782608695,682
Rafael,Silva,180.1578947368421,79.48717948717949,683
Joe,Taimanglo,161.0,70.58823529411765,684
Jared,Downing,229.2,62.5,685
Savant,Young,281.0,55.00000000000001,686
Dokonjonosuke,Mishima,173.06896551724137,70.0,687
Chris,Brennan,172.02857142857144,58.333333333333336,688
Zabit,Magomedsharipov,152.22222222222223,94.73684210526315,689
Danny,Downes,148.4,72.72727272727273,690
Hiromasa,Ougikubo,180.83333333333334,72.97297297297297,691
Trevin,Jones,186.6153846153846,51.85185185185185,692
Victor,Henry,167.32258064516128,75.0,693
Khalid,Taha,191.57894736842104,70.0,694
Anthony,Birchak,187.17391304347825,66.66666666666666,695
Yoshiro,Maeda,114.2,63.934426229508205,696
Bibiano,Fernandes,247.5,80.64516129032258,697
Hiroshi,Nakamura,128.1153846153846,59.25925925925925,698
Leandro,Issa,233.6,65.38461538461539,699
Daiju,Takase,222.85714285714286,41.37931034482759,700
Nino,Schembri,305.44444444444446,50.0,701
Carlos,Newton,178.89655172413794,53.333333333333336,702
Wallid,Ismail,372.27272727272725,75.0,703
Eduardo,Fraga,99.77777777777777,70.0,704
Timur,Khizriev,220.23529411764707,100.0,705
Kai,Kamaka,216.25,66.66666666666666,706
Pedro,Carvalho,195.63636363636363,56.52173913043478,707
Movlid,Khaybulaev,193.54545454545453,91.30434782608695,708
Douglas,Lima,150.6818181818182,73.33333333333333,709
Ron,Keslar,175.73684210526315,55.00000000000001,710
Brent,Weedman,95.48387096774194,68.75,711
Herman,Terrado,273.95454545454544,65.21739130434783,712
Lyman,Good,198.07407407407408,75.0,713
Shonie,Carter,83.45555555555555,56.043956043956044,714
Shamil,Zavurov,136.4255319148936,83.33333333333334,715
Alexander,Sarnavskiy,110.98,82.35294117647058,716
Renê,Nazare,257.75,76.92307692307693,717
Austin,Hubbard,145.6086956521739,66.66666666666666,718
Raoni,Barcelos,204.2173913043478,79.16666666666666,719
Roberto,de,204.5,85.71428571428571,721
Daisuke,Nakamura,135.63934426229508,54.83870967741935,722
Kazunori,Yokota,136.0,68.42105263157895,723
Tomonari,Kanomata,122.45714285714286,55.55555555555556,724
Takashi,Nakakura,209.2,68.75,725
Vuyisile,Colossa,190.25,61.53846153846154,727
Ousmane,Thomas,218.57142857142858,40.0,729
Luke,Sanders,221.58823529411765,72.22222222222221,730
Kiuma,Kunioku,103.16417910447761,50.0,731
Norifumi,Yamamoto,204.44,69.23076923076923,733
Nick,Catone,188.46153846153845,71.42857142857143,734
Brian,Ebersole,85.21428571428571,71.83098591549296,735
Jake,Hecht,159.92857142857142,73.33333333333333,736
David,Mitchell,139.25,75.86206896551724,737
Ricardo,Funch,257.0,60.0,738
Tom,Speer,107.03703703703704,75.0,739
Ben,Saunders,170.24324324324326,60.526315789473685,740
Sean,Pierson,263.05263157894734,70.0,741
Carlos,Eduardo,223.41666666666666,69.23076923076923,742
John,Howard,133.14583333333334,57.14285714285714,743
Gil,Castillo,199.73333333333332,68.75,744
DaMarques,Johnson,125.06666666666666,51.61290322580645,745
Yoshiyuki,Yoshida,166.6153846153846,66.66666666666666,746
Brodie,Farber,249.82608695652175,70.83333333333334,747
Brett,Cooper,138.47727272727272,62.22222222222222,748
Chris,Clements,199.88888888888889,63.1578947368421,749
Jason,Guida,80.91666666666667,38.775510204081634,750
Court,McGee,188.2058823529412,62.857142857142854,751
Georges,St-Pierre,213.40740740740742,92.85714285714286,752
Takuya,Wada,213.8,51.21951219512195,755
Renato,Verissimo,166.33333333333334,53.84615384615385,756
Luke,Stewart,173.25,66.66666666666666,757
Ronald,Jhun,104.11764705882354,46.15384615384615,759
Genki,Sudo,156.5,76.19047619047619,761
Steve,Bruno,209.25,71.42857142857143,762
Bojan,Veličković,128.18421052631578,64.1025641025641,763
Justin,Edwards,242.25,58.82352941176471,764
Kuniyoshi,Hironaka,152.5483870967742,71.875,765
Richard,Crunkilton,235.13636363636363,82.6086956521739,766
Mikey,Gomez,131.79310344827587,56.666666666666664,768
Jonathan,Goulet,92.94285714285714,63.888888888888886,769
Sabah,Homasi,187.32142857142858,58.620689655172406,770
Brennan,Ward,238.8,65.38461538461539,771
Andy,Uhrich,188.5,64.70588235294117,772
André,Santos,85.70833333333333,77.55102040816327,773
Kazuo,Misaki,104.07894736842105,64.1025641025641,775
Jordan,Radev,119.25925925925925,82.14285714285714,776
Sammy,Morgan,89.33333333333333,61.29032258064516,777
Paul,Taylor,170.72222222222223,57.89473684210527,779
Matt,Hughes,94.60377358490567,83.33333333333334,780
Izuru,Takeuchi,104.02380952380952,58.139534883720934,781
Keiichiro,Yamamiya,76.04494382022472,50.0,782
Ikuhisa,Minowa,83.76724137931035,54.700854700854705,783
Dave,Menne,86.9047619047619,70.3125,784
Jason,DeLucia,88.20370370370371,60.0,785
Amir,Sadollah,228.2,54.54545454545454,786
Anthony,Johnson,192.07142857142858,79.3103448275862,787
Mike,Swick,304.5,71.42857142857143,788
Travis,Fulton,25.896875,79.43925233644859,789
Dan,Hornbuckle,183.61764705882354,74.28571428571429,790
Edgar,García,172.66666666666666,73.68421052631578,791
Ryo,Chonan,133.85294117647058,62.857142857142854,792
Gustavo,Machado,142.24242424242425,67.64705882352942,793
Shungo,Oyama,157.28125,42.42424242424242,794
Paulo,Filho,159.51612903225808,71.875,795
Michael,Bisping,130.97368421052633,76.92307692307693,796
Alan,Belcher,265.22222222222223,67.85714285714286,797
Marvin,Eastman,146.78787878787878,52.94117647058824,798
Gegard,Mousasi,124.0677966101695,81.66666666666667,799
Yoshihiro,Akiyama,262.25,64.0,800
Amar,Suloev,109.4,77.41935483870968,801
Andrei,Semenov,130.1590909090909,75.55555555555556,802
Joe,Doerksen,86.42424242424242,76.11940298507463,803
Minoru,Suzuki,173.48979591836735,60.0,804
Shane,Campbell,182.41935483870967,75.0,805
Clay,Harvison,211.3181818181818,60.86956521739131,806
Johnny,Case,158.71052631578948,71.7948717948718,807
Dustin,Neace,57.638297872340424,52.083333333333336,808
Luke,Caudillo,104.33333333333333,50.0,809
Noad,Lahat,271.7647058823529,72.22222222222221,810
Yasubey,Enomoto,188.05405405405406,57.89473684210527,811
Igor,Araújo,138.4,69.44444444444444,812
Juan,Archuleta,116.25714285714285,80.55555555555556,813
Darrell,Montague,151.64705882352942,72.22222222222221,814
Willie,Gates,219.04166666666666,48.0,815
Yahir,Reyes,139.28571428571428,63.63636363636363,816
Jake,Ellenberger,108.57777777777778,67.3913043478261,817
Carey,Vanier,167.75,64.70588235294117,818
Alberto,Crane,174.47368421052633,75.0,819
Jordan,Leavitt,171.76923076923077,78.57142857142857,820
Luis,Peña,156.57894736842104,60.0,821
Shane,Nelson,162.9090909090909,69.56521739130434,822
Iuri,Alcântara,147.46808510638297,75.0,823
Cole,Escovedo,147.64,65.38461538461539,824
Marlon,Sandro,182.35135135135135,76.31578947368422,825
Jason,Chambers,159.29166666666666,72.0,827
Ryuki,Ueyama,180.6,33.33333333333333,828
Katsuhiko,Nagata,144.2,37.5,829
Hideo,Tokoro,124.32857142857142,50.70422535211267,830
Remigijus,Morkevičius,69.6,76.19047619047619,831
Yoshinobu,Ota,149.58333333333334,30.76923076923077,832
Mads,Burnell,159.08,76.92307692307693,833
Shamil,Musaev,231.66666666666666,94.73684210526315,834
Sadibou,Sy,144.37037037037038,60.71428571428571,835
Yushin,Okami,154.1320754716981,72.22222222222221,836
David,Zawada,183.55172413793105,63.33333333333333,837
Curtis,Millender,129.3235294117647,62.857142857142854,838
Chris,Curtis,132.02325581395348,70.45454545454545,839
Vitaly,Bigdash,288.4,75.0,840
Anatoly,Tokov,157.71428571428572,88.88888888888889,841
Neiman,Gracie,222.0,68.42105263157895,842
Che,Mills,175.96428571428572,55.172413793103445,843
Kevin,Lee,169.03703703703704,71.42857142857143,844
Miguel,Torres,115.86538461538461,83.01886792452831,845
Angelo,Sanchez,146.1764705882353,66.66666666666666,846
Henry,Martinez,206.41666666666666,69.23076923076923,847
Kazuki,Tokudome,188.84375,60.60606060606061,848
Sasha,Palatnikov,185.23076923076923,57.14285714285714,849
Danny,Roberts,184.52,69.23076923076923,850
Akbarh,Arreola,195.3783783783784,68.42105263157895,852
Takeshi,Inoue,-202.45945945945945,63.1578947368421,853
Ole,Laursen,360.72727272727275,66.66666666666666,856
Fabiano,Iha,175.42857142857142,66.66666666666666,858
Ricardo,Botelho,183.25,60.0,860
Hiroki,Kotani,185.61111111111111,15.789473684210526,862
Takuya,Kuwabara,176.21428571428572,53.333333333333336,863
Paul,Bradley,127.17647058823529,65.71428571428571,865
Jesse,Juarez,103.0,63.888888888888886,866
Anthony,Macias,164.25581395348837,59.09090909090909,867
Roan,Carneiro,207.88235294117646,62.857142857142854,868
Luke,Cummo,193.45454545454547,50.0,869
Jeremy,Jackson,156.07692307692307,64.28571428571429,870
Chris,Lozano,267.5,66.66666666666666,871
Jeff,Curran,127.51851851851852,65.45454545454545,872
Anderson,Silva,189.53333333333333,73.91304347826086,873
Evangelista,Santos,179.28947368421052,53.84615384615385,874
Frank,Shamrock,153.8235294117647,65.71428571428571,875
Alexandr,Shabliy,187.77777777777777,85.71428571428571,876
Jorge,Gurgel,189.8695652173913,58.333333333333336,877
Kotetsu,Boku,161.27906976744185,59.09090909090909,879
Takumi,Nakayama,139.58536585365854,45.23809523809524,880
Laureano,Staropoli,218.8421052631579,65.0,882
Papy,Abedi,289.15384615384613,71.42857142857143,883
Tony,DeSouza,320.85714285714283,73.33333333333333,884
John,Lineker,117.14583333333333,75.51020408163265,885
Shannon,Wiratchai,245.38888888888889,57.89473684210527,886
Kazushi,Sakuraba,157.93333333333334,56.52173913043478,887
Brian,Lo-A-Njoe,412.0,27.27272727272727,889
Akira,Kikuchi,108.0,80.0,890
Jutaro,Nakao,169.3265306122449,52.0,891
Zhang,Lipeng,117.85714285714286,70.0,892
Martin,Nguyen,208.63636363636363,65.21739130434783,893
Ian,Loveland,140.55555555555554,64.28571428571429,895
Chad,Leonhardt,141.25,69.23076923076923,896
Fernando,Gonzalez,139.85416666666666,59.183673469387756,897
Ernest,Chavez,215.63636363636363,83.33333333333334,898
Lance,Palmer,158.5,74.19354838709677,899
Jordan,Parsons,154.5,84.61538461538461,900
Poppies,Martinez,104.85,70.73170731707317,901
Sergey,Khandozhko,118.78787878787878,79.41176470588235,902
Levan,Makashvili,159.51724137931035,66.66666666666666,903
Genair,da,166.3,71.42857142857143,904
Jack,Della,162.16666666666666,89.47368421052632,905
Alberto,Mina,363.7692307692308,92.85714285714286,906
Sam,Alvey,102.35849056603773,62.96296296296296,907
Vyacheslav,Vasilevsky,114.02272727272727,80.0,908
Ádám,Borics,177.45,90.47619047619048,909
Joe,Warren,161.54545454545453,65.21739130434783,910
Ronnie,Mann,142.44117647058823,71.42857142857143,911
Wagnney,Fabiano,241.31578947368422,80.0,912
Nazareno,Malegarie,107.65,82.92682926829268,913
Travis,Marx,145.8846153846154,77.77777777777779,914
Eduardo,Dantas,196.46666666666667,74.19354838709677,915
Ed,West,167.44117647058823,71.42857142857143,916
Akop,Stepanyan,133.45238095238096,65.11627906976744,917
Jeremy,Spoon,154.54166666666666,80.0,918
Ryan,Hall,570.5,81.81818181818183,919
Jeremy,Kennedy,174.66666666666666,76.0,920
Shane,Young,200.25,61.904761904761905,921
Aljamain,Sterling,177.78571428571428,82.75862068965517,922
Kenny,Foster,134.96,46.15384615384615,923
Saul,Almeida,175.21212121212122,58.82352941176471,924
Cory,Sandhagen,159.66666666666666,77.27272727272727,925
Jim,Alers,254.1578947368421,70.0,926
The,Korean,246.125,68.0,927
Treston,Thomison,169.8,62.5,928
Luis,Saldaña,199.4,69.23076923076923,929
Alex,da,139.75862068965517,80.0,930
Abubakar,Nurmagomedov,202.0,77.27272727272727,931
Takenori,Sato,169.425,48.78048780487805,932
Danny,Chavez,282.3125,64.70588235294117,933
Daniel,Zellhuber,182.0,88.23529411764706,934
Sean,Soriano,220.95652173913044,62.5,935
Mikuru,Asakura,196.95454545454547,73.91304347826086,936
Donald,Sanchez,95.88,60.78431372549019,937
Baret,Yoshida,321.5,46.15384615384615,938
Katsuya,Toida,183.93103448275863,43.333333333333336,939
Bao,Quach,136.06896551724137,63.33333333333333,940
Hideki,Kadowaki,181.2,44.44444444444444,941
Frank,Caraballo,127.5909090909091,60.86956521739131,943
Alexander,Shlemenko,91.6144578313253,79.76190476190477,944
Richard,Walsh,210.69230769230768,64.28571428571429,945
Nico,Musoke,209.66666666666666,72.72727272727273,946
Bristol,Marunde,152.0,61.53846153846154,947
Tofiq,Musayev,146.57692307692307,81.48148148148148,948
Sergio,Pettis,160.55172413793105,76.66666666666667,949
Henry,Corrales,167.21428571428572,72.41379310344827,950
Fabrício,Guerreiro,117.18518518518519,78.57142857142857,951
Wilson,Reis,150.21951219512195,66.66666666666666,952
Gadzhi,Rabadanov,148.24137931034483,80.0,953
Derek,Anderson,169.61904761904762,77.27272727272727,954
Chris,Gonzalez,166.5,72.72727272727273,955
Yaroslav,Amosov,166.28571428571428,93.10344827586206,956
A.J.,Matthews,257.70588235294116,50.0,957
J.,J.,136.33333333333334,73.46938775510205,958
Jason,Fischer,175.7058823529412,77.77777777777779,959
Karl,Amoussou,155.3846153846154,67.5,960
Jordan,Smith,104.48,69.23076923076923,961
Yuki,Kondo,92.17543859649123,57.391304347826086,963
Taisuke,Okuno,177.23076923076923,48.148148148148145,964
Jadamba,Narantungalag,278.63157894736844,70.0,965
Tamdan,McCrory,209.61111111111111,73.68421052631578,966
Dan,Henderson,153.3695652173913,68.08510638297872,967
Tim,McKenzie,156.5909090909091,60.86956521739131,968
Maurício,Rua,179.97560975609755,64.28571428571429,969
Chris,Haseman,163.58333333333334,54.054054054054056,970
Chael,Sonnen,168.125,63.26530612244898,971
Ivan,Salaverry,235.72727272727272,60.86956521739131,972
Masanori,Suda,101.02857142857142,61.111111111111114,973
Lance,Gibson,217.375,44.44444444444444,974
Masato,Fujiwara,231.63636363636363,21.73913043478261,975
Kazuhiro,Kusayanagi,124.28571428571429,31.03448275862069,976
Todd,Bjornethun,119.0909090909091,58.333333333333336,977
Kazunari,Murakami,321.3333333333333,50.0,978
Egan,Inoue,229.95,61.904761904761905,980
Kazula,Vargas,230.71428571428572,72.72727272727273,981
Luigi,Vendramini,254.33333333333334,76.92307692307693,982
Nad,Narimani,219.4,75.0,983
Julian,Erosa,125.825,73.17073170731707,984
Kevin,Souza,195.95833333333334,72.0,985
Yukinari,Tamura,179.25641025641025,40.0,986
Tony,Ferguson,170.2,69.44444444444444,987
Andrew,Holbrook,125.0,80.0,988
Keith,Berry,155.0,50.0,989
Rafael,Carvalho,187.54166666666666,68.0,991
Matthew,Semelsberger,154.0,57.89473684210527,992
Khaos,Williams,158.27777777777777,78.94736842105263,993
Zak,Ottow,134.07407407407408,71.42857142857143,994
Abdul,Razak,214.05263157894737,60.0,995
George,Sullivan,222.46428571428572,65.51724137931035,996
Alan,Jouban,154.95652173913044,70.83333333333334,997
David,Mundell,129.57142857142858,60.0,998
Dricus,du,175.70833333333334,92.0,999
Derek,Brunson,154.1875,72.72727272727273,1000
Robert,Whittaker,172.87878787878788,76.47058823529412,1001
Jessin,Ayari,244.3913043478261,75.0,1002
Nicolas,Dalby,174.06666666666666,74.19354838709677,1003
Dhiego,Lima,180.52173913043478,62.5,1004
Luis,Ramos,176.5483870967742,62.5,1005
Chris,Cope,206.63636363636363,66.66666666666666,1006
Ricardo,Almeida,220.7058823529412,72.22222222222221,1007
